"TIME","TYPE","AMOUNT","CATEGORY","ACCOUNT","NOTES" 
"Sep 06, 2024 1:47 PM","(-) Expense","4000.00","Food","Cash","Gorengan " 
"Sep 06, 2024 1:47 PM","(-) Expense","5000.00","Food","Cash","Semangka" 
"Sep 06, 2024 1:48 PM","(-) Expense","10000.00","Food","Cash","Pecel" 
"Sep 06, 2024 7:56 PM","(-) Expense","6000.00","Food","Cash","Gorengan " 
"Sep 06, 2024 8:07 PM","(-) Expense","20000.00","Food","Card","" 
"Sep 07, 2024 8:33 AM","(-) Expense","7000.00","Food","Cash","Galon" 
"Sep 07, 2024 8:44 AM","(-) Expense","5000.00","Food","Cash","piscok" 
"Sep 07, 2024 8:44 AM","(-) Expense","4000.00","Food","Cash","es teh" 
"Sep 07, 2024 8:45 AM","(-) Expense","11000.00","Food","Cash","ayam" 
"Sep 08, 2024 9:48 AM","(-) Expense","5000.00","Food","Cash","Semangka " 
"Sep 08, 2024 10:25 AM","(-) Expense","4000.00","Food","Cash","Coca cola" 
"Sep 08, 2024 11:52 AM","(-) Expense","3000000.00","wedding","Card","seragam nikah" 
"Sep 08, 2024 7:19 PM","(-) Expense","2000000.00","wedding","Card","dp kantri resto " 
"Sep 08, 2024 7:21 PM","(-) Expense","2000000.00","wedding","Card","seragam nikah cewek" 
"Sep 09, 2024 12:04 AM","(-) Expense","9000.00","Food","Cash","jajan" 
"Sep 09, 2024 10:45 AM","(-) Expense","20000.00","Food","Cash","kentucky" 
"Sep 09, 2024 7:38 PM","(-) Expense","11000.00","Food","Cash","Gorengan " 
"Sep 09, 2024 7:38 PM","(-) Expense","27000.00","Food","Cash","Jajan Alfamart" 
"Sep 09, 2024 7:39 PM","(-) Expense","28000.00","Food","Cash","telur 1 kg" 
"Sep 10, 2024 11:05 AM","(-) Expense","12000.00","Food","Cash","pisang" 
"Sep 10, 2024 11:05 AM","(-) Expense","39000.00","Food","Cash","Belanja Pasar" 
"Sep 10, 2024 4:31 PM","(-) Expense","165000.00","Sport","Card","Dumbbell" 
"Sep 11, 2024 6:16 PM","(-) Expense","5000.00","Food","Cash","semangka " 
"Sep 11, 2024 6:16 PM","(-) Expense","10000.00","Food","Cash","siomay " 
"Sep 13, 2024 7:57 PM","(-) Expense","17000.00","Food","Card","pecel lele" 
"Sep 13, 2024 7:57 PM","(-) Expense","67000.00","Food","Card","madu" 
"Sep 13, 2024 7:58 PM","(-) Expense","21000.00","Food","Card","minyak Alfamart " 
"Sep 17, 2024 11:18 PM","(-) Expense","10000.00","Food","Cash","bakpao" 
"Sep 17, 2024 11:18 PM","(-) Expense","10000.00","Food","Cash","cilok" 
"Sep 17, 2024 11:19 PM","(-) Expense","14000.00","wedding","Cash","Ngurus Nikah foto copy" 
"Sep 18, 2024 6:12 PM","(-) Expense","55000.00","Food","Cash","alfamart, sambel, kopi, saos" 
"Sep 19, 2024 10:44 AM","(-) Expense","26000.00","Food","Cash","makan warsun" 
"Sep 19, 2024 10:47 PM","(-) Expense","26000.00","Home","Cash","rak sepatu" 
"Sep 20, 2024 11:28 AM","(-) Expense","5000.00","Food","Cash","semangka" 
"Sep 20, 2024 8:06 PM","(-) Expense","15000.00","Food","Cash","makan siang" 
"Sep 20, 2024 8:07 PM","(-) Expense","20000.00","Food","Cash","makan malem " 
"Sep 22, 2024 8:46 PM","(-) Expense","60000.00","Food","Cash","belanja pasar" 
"Sep 22, 2024 8:46 PM","(-) Expense","8000.00","Food","Cash","es krim roti" 
"Sep 22, 2024 8:47 PM","(-) Expense","12000.00","Food","Cash","mie ayam" 
"Sep 23, 2024 11:12 AM","(-) Expense","20000.00","Food","Cash","nasi padang" 
"Sep 24, 2024 11:12 AM","(-) Expense","20000.00","Food","Cash","ayam kfc" 
"Sep 24, 2024 6:20 PM","(-) Expense","6000.00","Food","Cash","gorengan" 
"Sep 24, 2024 6:46 PM","(-) Expense","10000.00","Food","Cash","cireng" 
"Sep 24, 2024 9:51 PM","(-) Expense","15000.00","Food","Cash","roti" 
"Sep 25, 2024 10:09 PM","(-) Expense","216000.00","Electronics","Card","kipas angin" 
"Sep 25, 2024 10:09 PM","(-) Expense","40000.00","Shopping","Card","topi" 
"Sep 25, 2024 10:10 PM","(-) Expense","40000.00","Shopping","Card","rak" 
"Sep 26, 2024 6:52 AM","(-) Expense","27500.00","Food","Card","alfamart, mie, sama minum" 
"Sep 26, 2024 10:45 AM","(-) Expense","30000.00","Clothing","Card","celana dalam" 
"Sep 26, 2024 10:45 AM","(-) Expense","5000.00","Food","Cash","tahu siksa" 
"Sep 27, 2024 7:04 AM","(-) Expense","16000.00","Food","Cash","nasi uduk" 
"Sep 28, 2024 7:05 AM","(-) Expense","7000.00","Food","Cash","roti" 
"Sep 29, 2024 4:12 PM","(-) Expense","54000.00","Food","Cash","belanja pasar" 
"Sep 29, 2024 4:13 PM","(-) Expense","18000.00","Food","Cash","rendang " 
"Sep 29, 2024 9:38 PM","(-) Expense","39000.00","Food","Cash","jajan alfamart" 
"Sep 30, 2024 8:58 AM","(-) Expense","2000.00","Food","Cash","gorengan" 
"Oct 01, 2024 8:58 AM","(-) Expense","17000.00","Food","Card","minyak goreng" 
"Oct 01, 2024 10:45 AM","(-) Expense","11812500.00","wedding","Card","cicilan wo" 
"Oct 01, 2024 11:03 AM","(-) Expense","13000.00","Food","Cash","warteg" 
"Oct 01, 2024 6:57 PM","(-) Expense","43800.00","Food","Card","jajan alfamart" 
"Oct 02, 2024 10:43 AM","(-) Expense","15000.00","Food","Cash","beli ayam goreng" 
"Oct 02, 2024 10:44 AM","(-) Expense","7000.00","Food","Cash","beli kerang sama gorengan " 
"Oct 03, 2024 7:21 PM","(-) Expense","5000.00","Food","Card","es teh" 
"Oct 03, 2024 7:21 PM","(-) Expense","5000.00","Food","Cash","gorengan" 
"Oct 03, 2024 7:21 PM","(-) Expense","19000.00","Food","Cash","nasi uduk" 
"Oct 04, 2024 8:24 AM","(-) Expense","50000.00","Food","Cash","Potluck" 
"Oct 04, 2024 8:24 AM","(-) Expense","32500.00","Food","Card","gula, kopi" 
"Oct 06, 2024 7:50 AM","(-) Expense","70000.00","Food","Cash","belanja pasar" 
"Oct 06, 2024 7:50 AM","(-) Expense","20000.00","Food","Cash","ayam kfc" 
"Oct 06, 2024 3:01 PM","(-) Expense","190000.00","Food","Cash","solaria" 
"Oct 06, 2024 3:02 PM","(-) Expense","25000.00","Food","Cash","roti o" 
"Oct 07, 2024 7:37 PM","(-) Expense","18000.00","Food","Card","naspad" 
"Oct 08, 2024 11:58 AM","(-) Expense","125000.00","Electronics","Card","tws baru" 
"Oct 08, 2024 5:20 PM","(-) Expense","29000.00","Food","Card","Es jeruk & bakso malang" 
"Oct 09, 2024 9:03 AM","(-) Expense","850000.00","Bills","Card","kos" 
"Oct 10, 2024 10:56 AM","(-) Expense","20000.00","Food","Cash","jajan" 
"Oct 12, 2024 3:48 PM","(-) Expense","183000.00","Home","Card","wajan, spatula" 
"Oct 12, 2024 11:13 PM","(-) Expense","19000.00","Food","Cash","jajan malem" 
"Oct 15, 2024 2:21 PM","(-) Expense","15000.00","Food","Card","naspad" 
"Oct 15, 2024 2:22 PM","(-) Expense","2000.00","Food","Cash","pisgor" 
"Oct 15, 2024 2:22 PM","(-) Expense","5000.00","Food","Cash","coca cola" 
"Oct 15, 2024 2:22 PM","(-) Expense","7000.00","Food","Cash","galon " 
"Oct 16, 2024 6:39 PM","(-) Expense","48000.00","Food","Cash","belanja pasar" 
"Oct 16, 2024 6:40 PM","(-) Expense","15000.00","Food","Cash","pepaya" 
"Oct 16, 2024 6:40 PM","(-) Expense","6000.00","Food","Cash","martabak" 
"Oct 17, 2024 6:20 PM","(-) Expense","8000.00","Food","Cash","jajan" 
"Oct 17, 2024 6:21 PM","(-) Expense","96000.00","donate","Card","bantu bule nyasar gojek" 
"Oct 18, 2024 6:35 PM","(-) Expense","7000.00","Food","Cash","jajan" 
"Oct 19, 2024 1:46 PM","(-) Expense","8500.00","Food","Cash","happy tos" 
"Oct 19, 2024 8:43 PM","(-) Expense","30000.00","Transportation","Card","grab" 
"Oct 20, 2024 11:00 PM","(-) Expense","63000.00","Entertainment","Card","vidio" 
"Oct 21, 2024 11:53 AM","(-) Expense","430000.00","Transportation","Card","tiket kereta malang" 
"Oct 21, 2024 6:30 PM","(-) Expense","330000.00","Transportation","Card","tiket kereta malang jakarta" 
"Oct 22, 2024 10:24 AM","(-) Expense","60000.00","Food","Cash","belanja pasar" 
"Oct 22, 2024 10:25 AM","(-) Expense","8000.00","Food","Cash","mangga " 
"Oct 22, 2024 10:25 AM","(-) Expense","10000.00","Food","Cash","pisang" 
"Oct 22, 2024 10:25 AM","(-) Expense","11000.00","Food","Cash","ayam Kentucky " 
"Oct 22, 2024 10:26 AM","(-) Expense","5000.00","Food","Cash","makroni" 
"Oct 22, 2024 10:28 AM","(-) Expense","14000.00","Food","Card","kopi" 
"Oct 23, 2024 7:06 AM","(-) Expense","22500.00","Beauty","Card","parfum" 
"Oct 23, 2024 7:36 PM","(-) Expense","200000.00","Other","Card","ganti rugi orang goblok" 
"Oct 27, 2024 9:48 AM","(-) Expense","10000.00","Food","Cash","jajan cfd" 
"Oct 27, 2024 9:48 AM","(-) Expense","350000.00","Transportation","Card","tiket kereta" 
"Oct 28, 2024 11:31 AM","(-) Expense","45000.00","Clothing","Card","kaos kaki" 
"Oct 28, 2024 11:31 AM","(-) Expense","2000.00","Food","Cash","jajan" 
"Oct 28, 2024 12:00 PM","(-) Expense","75000.00","Education","Card","e book atomic habits" 
"Oct 28, 2024 10:13 PM","(-) Expense","20000.00","Food","Cash","warteg" 
"Oct 28, 2024 10:13 PM","(-) Expense","5000.00","Food","Cash","sprite" 
"Oct 29, 2024 5:54 PM","(-) Expense","21000.00","Food","Cash","tahu dan roti" 
"Oct 30, 2024 10:02 PM","(-) Expense","38000.00","Food","Card","mie instan" 
"Oct 30, 2024 10:02 PM","(-) Expense","6000.00","Food","Cash","gorengan" 
"Oct 30, 2024 10:08 PM","(-) Expense","15000.00","Food","Card","nasi ayam sayur" 
"Oct 31, 2024 8:38 AM","(-) Expense","20000.00","Food","Cash","bebek" 
"Nov 01, 2024 8:39 AM","(-) Expense","21000.00","Food","Cash","ayam, roti" 
"Nov 01, 2024 9:28 AM","(-) Expense","104000.00","Transportation","Card","tiket kereta" 
"Nov 02, 2024 10:13 AM","(-) Expense","583000.00","Transportation","Card","ganti ban" 
"Nov 02, 2024 10:13 AM","(-) Expense","6000.00","Food","Cash","es kelapa muda" 
"Nov 02, 2024 10:13 AM","(-) Expense","1500.00","Food","Cash","nasi padangk" 
"Nov 02, 2024 5:20 PM","(-) Expense","15000.00","Food","Cash","warteg" 
"Nov 02, 2024 5:20 PM","(-) Expense","130000.00","wedding","Card","hotel di malang" 
"Nov 03, 2024 9:28 AM","(-) Expense","21000.00","Transportation","Card","gojek ke pasar senen" 
"Nov 03, 2024 12:04 PM","(-) Expense","12000.00","Food","Cash","bakso" 
"Nov 03, 2024 12:04 PM","(-) Expense","9000.00","Food","Cash","jagung manis, es degan" 
"Nov 03, 2024 12:05 PM","(-) Expense","13000.00","Transportation","Card","gojek" 
"Nov 04, 2024 10:00 AM","(-) Expense","8500.00","Food","Cash","coca cola" 
"Nov 04, 2024 10:01 AM","(-) Expense","16500.00","Food","Cash","jajan pagi" 
"Nov 04, 2024 10:01 AM","(-) Expense","18000.00","Food","Cash","cwi mie" 
"Nov 04, 2024 1:20 PM","(-) Expense","21000.00","Food","Cash","rawon" 
"Nov 04, 2024 4:40 PM","(-) Expense","131000.00","Food","Card","bolu amanda" 
"Nov 04, 2024 7:46 PM","(-) Expense","28000.00","Food","Card","ngopi" 
"Nov 06, 2024 5:51 AM","(-) Expense","15000.00","Food","Card","teh jahe" 
"Nov 06, 2024 5:52 AM","(-) Expense","10000000.00","wedding","Card","catering" 
"Nov 06, 2024 6:15 AM","(-) Expense","602500.00","wedding","Card","admin kua" 
"Nov 06, 2024 3:04 PM","(-) Expense","10000.00","Food","Cash","batagor" 
"Nov 06, 2024 6:33 PM","(-) Expense","20000.00","Transportation","Cash","gojek" 
"Nov 06, 2024 6:33 PM","(-) Expense","4000.00","Food","Cash","jajan" 
"Nov 07, 2024 10:31 AM","(-) Expense","70000.00","Education","Card","buku berani tidak disukai" 
"Nov 07, 2024 10:31 AM","(-) Expense","50000.00","Bills","Card","listrik" 
"Nov 07, 2024 10:31 AM","(-) Expense","30000.00","Food","Cash","telur jajan" 
"Nov 07, 2024 10:32 AM","(-) Expense","5000.00","Food","Card","aqua" 
"Nov 07, 2024 10:32 AM","(-) Expense","22000.00","Bills","Cash","gas" 
"Nov 07, 2024 10:33 AM","(-) Expense","5000.00","Food","Cash","semangka " 
"Nov 07, 2024 2:54 PM","(-) Expense","10000.00","Food","Card","pecel" 
"Nov 08, 2024 7:57 AM","(-) Expense","12000.00","Food","Cash","roti" 
"Nov 08, 2024 8:59 PM","(-) Expense","30000.00","Food","Cash","ubi cilembu" 
"Nov 08, 2024 9:00 PM","(-) Expense","7000.00","Transportation","Card","Transjakarta " 
"Nov 11, 2024 9:17 AM","(-) Expense","28000.00","Food","Cash","telur" 
"Nov 11, 2024 9:17 AM","(-) Expense","10000.00","Food","Cash","seblak" 
"Nov 11, 2024 9:18 AM","(-) Expense","850000.00","Bills","Card","kos" 
"Nov 12, 2024 10:27 AM","(-) Expense","15000.00","Food","Card","bebek" 
"Nov 12, 2024 10:27 AM","(-) Expense","2000.00","Food","Cash","gorengan " 
"Nov 12, 2024 10:28 AM","(-) Expense","5000.00","Food","Cash","semnag" 
"Nov 12, 2024 6:57 PM","(-) Expense","12500.00","Food","Card","teh" 
"Nov 14, 2024 6:20 AM","(-) Expense","18000.00","Food","Cash","jajan" 
"Nov 14, 2024 6:20 AM","(-) Expense","13000.00","Food","Cash","warteg" 
"Nov 14, 2024 7:27 PM","(-) Expense","18000.00","Food","Cash","roti" 
"Nov 16, 2024 7:51 AM","(-) Expense","270000.00","Transportation","Card","tiket kereta" 
"Nov 16, 2024 7:53 AM","(-) Expense","290000.00","Transportation","Card","tiket jogja senen" 
"Nov 16, 2024 7:25 PM","(-) Expense","50000.00","Transportation","Cash","bensin" 
"Nov 16, 2024 7:25 PM","(-) Expense","26000.00","Food","Cash","ayam kfc donat air" 
"Nov 17, 2024 10:18 AM","(-) Expense","15000.00","Food","Cash","ubi cilembu" 
"Nov 17, 2024 12:57 PM","(-) Expense","7500.00","Food","Cash","gorengan " 
"Nov 17, 2024 12:57 PM","(-) Expense","6000.00","Food","Cash","es kopi" 
"Nov 17, 2024 12:57 PM","(-) Expense","15000.00","Food","Cash","naspad" 
"Nov 18, 2024 10:51 AM","(-) Expense","79000.00","Food","Cash","belanja pasar " 
"Nov 19, 2024 11:28 AM","(-) Expense","470000.00","Transportation","Card","tiket kereta jogja sby" 
"Nov 19, 2024 11:28 AM","(-) Expense","360000.00","Transportation","Card","tiket kereta sby jkt" 
"Nov 22, 2024 7:26 AM","(-) Expense","15000.00","Food","Card","bakso" 
"Nov 22, 2024 7:26 AM","(-) Expense","6000.00","Food","Cash","es teh" 
"Nov 22, 2024 7:03 PM","(-) Expense","10000.00","Food","Cash","jajan" 
"Nov 26, 2024 1:23 PM","(-) Expense","20000.00","Food","Cash","pecel ayam" 
"Nov 26, 2024 1:23 PM","(-) Expense","14000.00","Food","Cash","warteg" 
"Nov 26, 2024 1:23 PM","(-) Expense","12000.00","Food","Cash","bubur" 
"Nov 27, 2024 11:02 AM","(-) Expense","11000.00","Food","Cash","ayam" 
"Nov 27, 2024 11:04 AM","(-) Expense","8500.00","Food","Cash","semangka " 
"Nov 28, 2024 5:59 PM","(-) Expense","10000.00","Food","Cash","jajan" 
"Nov 28, 2024 5:59 PM","(-) Expense","15000.00","Food","Cash","sarapan" 
"Nov 28, 2024 6:00 PM","(-) Expense","10000.00","Food","Cash","siomay " 
"Nov 29, 2024 3:09 AM","(-) Expense","50000.00","Transportation","Cash","bensin" 
"Nov 29, 2024 3:10 AM","(-) Expense","75000.00","Transportation","Card","grab" 
"Dec 01, 2024 5:07 PM","(-) Expense","242000.00","Transportation","Card","tiket kereta surabaya senen" 
"Dec 01, 2024 5:16 PM","(-) Expense","11812500.00","wedding","Card","biaya WO" 
"Dec 03, 2024 9:45 AM","(-) Expense","29000.00","Food","Cash","telur 1kg" 
"Dec 03, 2024 10:55 AM","(-) Expense","20000.00","Food","Cash","kfc" 
"Dec 04, 2024 8:18 AM","(-) Expense","58000.00","Entertainment","Card","buku janji tere liye" 
"Dec 05, 2024 6:05 PM","(-) Expense","7500.00","Food","Cash","gorengan" 
"Dec 05, 2024 6:05 PM","(-) Expense","30000.00","Health","Card","cukur rambut" 
"Dec 05, 2024 6:06 PM","(-) Expense","14000.00","Food","Cash","warteg" 
"Dec 05, 2024 6:06 PM","(-) Expense","172000.00","Clothing","Card","tas, celana, sempak" 
"Dec 06, 2024 6:29 PM","(-) Expense","47000.00","Food","Cash","belanja pasar" 
"Dec 06, 2024 6:29 PM","(-) Expense","11000.00","Food","Cash","kentucky" 
"Dec 07, 2024 9:09 AM","(-) Expense","220000.00","Transportation","Card","kereta senen jogja" 
"Dec 07, 2024 9:10 AM","(-) Expense","290000.00","Transportation","Card","klaten senen keretak" 
"Dec 08, 2024 8:09 AM","(-) Expense","1500000.00","wedding","Card","dp photobooth" 
"Dec 08, 2024 12:52 PM","(-) Expense","40000.00","Entertainment","Card","cerita sebelku raditya dika" 
"Dec 09, 2024 9:47 AM","(-) Expense","2223100.00","Other","Card","invest bibit" 
"Dec 09, 2024 11:26 PM","(-) Expense","6000.00","Food","Cash","donat" 
"Dec 09, 2024 11:26 PM","(-) Expense","5000.00","Food","Cash","cilok " 
"Dec 09, 2024 11:26 PM","(-) Expense","15000.00","Food","Cash","nasgor" 
"Dec 11, 2024 7:21 AM","(-) Expense","2500000.00","wedding","Card","photobooth" 
"Dec 17, 2024 10:56 AM","(-) Expense","25000.00","Food","Card","kopi Indomaret " 
"Dec 17, 2024 10:57 AM","(-) Expense","7000.00","Food","Cash","semangka" 
"Dec 17, 2024 10:57 AM","(-) Expense","15000.00","Food","Cash","nasi pecel" 
"Dec 24, 2024 9:05 AM","(-) Expense","28000.00","Food","Card","bakso enak" 
"Dec 24, 2024 9:05 AM","(-) Expense","50000.00","Food","Card","ayam kfc" 
"Jan 06, 2025 12:20 PM","(-) Expense","56000.00","Bills","Card","kuota smartfren" 
"Jan 06, 2025 12:20 PM","(-) Expense","10000.00","Food","Cash","jajan" 
"Jan 06, 2025 12:20 PM","(-) Expense","30000.00","Car","Cash","spion motor" 
"Jan 06, 2025 12:20 PM","(-) Expense","14000.00","Food","Cash","es oyen" 
"Jan 07, 2025 9:54 AM","(-) Expense","175000.00","Clothing","Card","celana olahraga 3" 
"Jan 07, 2025 6:40 PM","(-) Expense","230000.00","Transportation","Card","tiket ke jakarta " 
"Jan 08, 2025 7:36 AM","(-) Expense","500000.00","Transportation","Card","tiket surabaya klaten fia" 
"Jan 08, 2025 9:41 AM","(-) Expense","16000.00","Food","Card","es coklat" 
"Jan 08, 2025 11:45 AM","(-) Expense","30000.00","Food","Card","kfc" 
"Jan 08, 2025 11:45 AM","(-) Expense","27500.00","Food","Card","telur 1 kg" 
"Jan 09, 2025 6:31 PM","(-) Expense","40000.00","Pet","Cash","makanan kucing, sisir kucing" 
"Jan 10, 2025 6:01 PM","(-) Expense","43000.00","Food","Card","jajan istri" 
"Jan 10, 2025 9:39 PM","(-) Expense","135000.00","Food","Card","sop kaki kambing" 
"Jan 11, 2025 6:28 AM","(-) Expense","72000.00","Other","Card","phone holder" 
"Jan 11, 2025 10:00 AM","(-) Expense","40000.00","Food","Cash","jajan sepeda pagi" 
"Jan 11, 2025 4:11 PM","(-) Expense","69500.00","Health","Cash","ketomed" 
"Jan 11, 2025 7:22 PM","(-) Expense","270000.00","Food","Card","tiket kereta" 
"Jan 12, 2025 9:16 PM","(-) Expense","38000.00","Food","Card","jajan" 
"Jan 13, 2025 12:27 PM","(-) Expense","8000.00","Food","Cash","aqua botol" 
"Jan 14, 2025 10:51 AM","(-) Expense","15000.00","Food","Card","naspad" 
"Jan 14, 2025 10:51 AM","(-) Expense","350000.00","Other","Card","box container " 
"Jan 14, 2025 3:48 PM","(-) Expense","15000.00","Transportation","Card","gojek" 
"Jan 14, 2025 3:48 PM","(-) Expense","224200.00","Other","Card","paket kalog" 
"Jan 14, 2025 3:48 PM","(-) Expense","32000.00","Other","Card","gocar" 
"Jan 14, 2025 10:17 PM","(-) Expense","30000.00","Food","Cash","pisang" 
"Jan 14, 2025 10:17 PM","(-) Expense","90000.00","Transportation","Card","paket kulkas, barbel" 
"Jan 14, 2025 10:18 PM","(-) Expense","15000.00","Food","Cash","warteg" 
"Jan 14, 2025 10:18 PM","(-) Expense","3200.00","Food","Card","minum esteg" 
"Jan 15, 2025 10:15 AM","(-) Expense","160000.00","Car","Cash","bensin" 
"Jan 15, 2025 10:16 AM","(-) Expense","15000.00","Other","Cash","sarung tangqn" 
"Jan 15, 2025 10:16 AM","(-) Expense","12000.00","Food","Cash","permen" 
"Jan 15, 2025 10:16 AM","(-) Expense","4000.00","Food","Cash","gorengan" 
"Jan 16, 2025 12:45 PM","(-) Expense","90000.00","Service","Cash","service motor " 
"Jan 18, 2025 7:34 PM","(-) Expense","155000.00","Other","Card","Kado afiana" 
"Jan 18, 2025 7:35 PM","(-) Expense","50000.00","Food","Card","makan soto" 
"Jan 18, 2025 7:38 PM","(-) Expense","4000.00","Other","Cash","parkir" 
"Jan 18, 2025 9:08 PM","(-) Expense","270000.00","Transportation","Card","tiket fia klaten sby" 
"Jan 19, 2025 5:21 AM","(-) Expense","67000.00","Food","Cash","makan bukit bintang" 
"Jan 19, 2025 5:21 AM","(-) Expense","12000.00","Transportation","Cash","bensin" 
"Jan 19, 2025 5:22 AM","(-) Expense","34000.00","Health","Card","obat batuk, masker" 
"Jan 23, 2025 5:04 PM","(-) Expense","8000.00","Food","Cash","cilok" 
"Jan 23, 2025 5:04 PM","(-) Expense","16000.00","Food","Card","kopi" 
"Jan 24, 2025 9:00 AM","(-) Expense","8200.00","Food","Cash","nu teh tarik" 
"Jan 24, 2025 9:00 AM","(-) Expense","5000.00","Food","Card","es teh" 
"Jan 24, 2025 9:14 AM","(-) Expense","20000.00","Food","Cash","makanan kucing" 
"Jan 27, 2025 2:59 PM","(-) Expense","59000.00","Food","Card","kopi" 
"Jan 27, 2025 2:59 PM","(-) Expense","189000.00","Food","Cash","bebek kremes" 
"Jan 27, 2025 3:00 PM","(-) Expense","40000.00","Food","Cash","bensin " 
"Jan 27, 2025 3:01 PM","(-) Expense","12000.00","Clothing","Cash","pembalut" 
"Jan 27, 2025 3:02 PM","(-) Expense","25000.00","Food","Cash","strawberry " 
"Jan 27, 2025 3:02 PM","(-) Expense","20000.00","Food","Cash","sarang laba²" 
"Jan 27, 2025 9:12 PM","(-) Expense","59000.00","Food","Card","" 
"Jan 28, 2025 8:31 PM","(-) Expense","70000.00","Food","Cash","bakso" 
"Jan 28, 2025 8:32 PM","(-) Expense","32000.00","Food","Card","mixue" 
"Jan 29, 2025 5:36 PM","(-) Expense","45000.00","Transportation","Card","Bensin" 
"Jan 29, 2025 5:36 PM","(-) Expense","569000.00","Entertainment","Card","mi tv stick" 
"Feb 01, 2025 1:56 PM","(-) Expense","19000.00","Health","Card","obat batuk" 
"Feb 01, 2025 2:24 PM","(-) Expense","88000.00","Transportation","Card","tiket kereta klaten sby" 
"Feb 01, 2025 3:07 PM","(-) Expense","350000.00","Transportation","Card","tiket malang jakarta" 
"Feb 01, 2025 9:10 PM","(-) Expense","115000.00","Transportation","Card","bensin" 
"Feb 01, 2025 9:10 PM","(-) Expense","29000.00","Food","Card","jajan" 
"Feb 01, 2025 9:10 PM","(-) Expense","10000.00","Food","Cash","salak" 
"Feb 01, 2025 9:11 PM","(-) Expense","5000.00","Food","Cash","cilok" 
"Feb 04, 2025 5:53 PM","(-) Expense","8000.00","Food","Cash","es degan" 
"Feb 04, 2025 5:53 PM","(-) Expense","13000.00","Transportation","Card","grab" 
"Feb 04, 2025 6:12 PM","(-) Expense","31000.00","Transportation","Card","grab" 
"Feb 05, 2025 10:21 AM","(-) Expense","49000.00","Food","Cash","naspad" 
"Feb 05, 2025 10:22 AM","(-) Expense","50000.00","Transportation","Cash","bensin" 
"Feb 05, 2025 11:50 AM","(-) Expense","105400.00","Other","Card","alfamart, sabun, sempak, pengaman " 
"Feb 05, 2025 4:55 PM","(-) Expense","58000.00","Food","Card","jajan fami" 
"Feb 05, 2025 4:55 PM","(-) Expense","300000.00","Bills","Card","hotel" 
"Feb 05, 2025 5:23 PM","(-) Expense","12800.00","Food","Card","minum" 
"Feb 07, 2025 9:21 AM","(-) Expense","58000.00","Food","Card","nasgor" 
"Feb 07, 2025 10:37 AM","(-) Expense","535500.00","Service","Card","service motor fia" 
"Feb 07, 2025 2:49 PM","(-) Expense","200000.00","Bills","Card","dp kos" 
"Feb 08, 2025 1:37 PM","(-) Expense","19000.00","Food","Cash","coklat" 
"Feb 08, 2025 1:38 PM","(-) Expense","60000.00","Food","Card","nasville" 
"Feb 08, 2025 8:54 PM","(-) Expense","576000.00","Food","Card","makan lesehan jogja" 
"Feb 09, 2025 12:56 PM","(-) Expense","14000.00","Food","Cash","bakso" 
"Feb 10, 2025 6:34 PM","(-) Expense","15000.00","Food","Card","warteg" 
"Feb 10, 2025 6:35 PM","(-) Expense","12000.00","Food","Card","ayam geprek" 
"Feb 11, 2025 9:42 AM","(-) Expense","28400.00","Home","Card","detergent, shampoo" 
"Feb 11, 2025 11:49 AM","(-) Expense","25300.00","Home","Card","handuk 2" 
"Feb 11, 2025 1:20 PM","(-) Expense","15000.00","Food","Card","naspad" 
"Feb 11, 2025 6:26 PM","(-) Expense","16000.00","Food","Card","warteg" 
"Feb 13, 2025 12:58 AM","(-) Expense","22000.00","Food","Cash","kfc" 
"Feb 13, 2025 12:59 AM","(-) Expense","10000.00","Food","Card","jajan" 
"Feb 13, 2025 12:59 AM","(-) Expense","5000.00","Food","Card","es teh" 
"Feb 13, 2025 8:43 AM","(-) Expense","40000.00","Clothing","Card","jas hujan" 
"Feb 13, 2025 10:12 PM","(-) Expense","15000.00","Food","Card","naspad" 
"Feb 13, 2025 10:12 PM","(-) Expense","6000.00","Food","Cash","gorengan" 
"Feb 13, 2025 10:12 PM","(-) Expense","5000.00","Food","Card","nutrisari" 
"Feb 15, 2025 6:40 PM","(-) Expense","11000.00","Food","Cash","bubur" 
"Feb 15, 2025 6:40 PM","(-) Expense","19000.00","Food","Card","kentucky" 
"Feb 15, 2025 6:41 PM","(-) Expense","17000.00","Food","Cash","warteg" 
"Feb 15, 2025 6:41 PM","(-) Expense","14000.00","Food","Cash","warteg" 
"Feb 15, 2025 10:23 PM","(-) Expense","30000.00","Electronics","Cash","headset" 
"Feb 15, 2025 10:23 PM","(-) Expense","19000.00","Food","Cash","jeruk es teh" 
"Feb 18, 2025 9:02 AM","(-) Expense","3000.00","Food","Cash","roti" 
"Feb 18, 2025 9:02 AM","(-) Expense","23000.00","Food","Cash","cilok, jajan, warteg " 
"Feb 18, 2025 5:51 PM","(-) Expense","19000.00","Food","Card","warteg" 
"Feb 19, 2025 10:40 PM","(-) Expense","23000.00","Food","Card","ayam, roti, susu kedelai" 
"Feb 19, 2025 10:41 PM","(-) Expense","14000.00","Food","Cash","warteg" 
"Feb 21, 2025 6:35 PM","(-) Expense","23000.00","Food","Card","sarapan" 
"Feb 22, 2025 1:16 PM","(-) Expense","130000.00","Food","Card","ayce" 
"Feb 22, 2025 1:16 PM","(-) Expense","10000.00","Food","Cash","burjo, jajan" 
"Feb 22, 2025 3:24 PM","(-) Expense","23000.00","Transportation","Card","transport" 
"Feb 22, 2025 3:25 PM","(-) Expense","14000.00","Transportation","Card","mrt" 
"Feb 22, 2025 10:05 PM","(-) Expense","33500.00","Transportation","Card","gojek" 
"Feb 22, 2025 10:06 PM","(-) Expense","20000.00","Sport","Card","badminton " 
"Feb 22, 2025 10:06 PM","(-) Expense","14000.00","Transportation","Card","mrt " 
"Feb 23, 2025 6:01 PM","(-) Expense","60000.00","Food","Card","jajan fia" 
"Feb 23, 2025 7:39 PM","(-) Expense","640000.00","Transportation","Card","tiket kereta" 
"Feb 23, 2025 7:47 PM","(-) Expense","270000.00","Transportation","Card","kai" 
"Feb 23, 2025 10:03 PM","(-) Expense","21000.00","Food","Card","makan malem, jajan" 
"Feb 24, 2025 12:09 PM","(-) Expense","10500.00","Food","Card","jajan " 
"Feb 24, 2025 2:53 PM","(-) Expense","30000.00","Beauty","Card","cukur rambut" 
"Feb 24, 2025 2:53 PM","(-) Expense","14000.00","Food","Card","makan siang" 
"Feb 24, 2025 2:54 PM","(-) Expense","10000.00","Health","Cash","puskesmas " 
"Feb 24, 2025 3:37 PM","(-) Expense","5000.00","Food","Cash","jajan" 
"Feb 25, 2025 4:51 PM","(-) Expense","20000.00","Food","Cash","jajan sarapan " 
"Feb 26, 2025 11:24 AM","(-) Expense","31000.00","Food","Card","sarapan" 
"Feb 28, 2025 9:03 AM","(-) Expense","13000.00","Food","Card","sarapan " 
"Mar 03, 2025 11:39 AM","(-) Expense","20000.00","Food","Cash","kfc, roti, kopi gelas" 
"Mar 03, 2025 5:14 PM","(-) Expense","21000.00","Food","Card","bebek madura" 
"Mar 03, 2025 5:15 PM","(-) Expense","30000.00","Transportation","Card","gojek" 
"Mar 05, 2025 6:39 PM","(-) Expense","17000.00","Food","Cash","kfc" 
"Mar 05, 2025 6:39 PM","(-) Expense","5000.00","Food","Cash","sayur" 
"Mar 05, 2025 6:39 PM","(-) Expense","5000.00","Food","Cash","jajan" 
"Mar 05, 2025 6:40 PM","(-) Expense","35500.00","Food","Cash","alfamart jajan" 
"Mar 06, 2025 5:30 PM","(-) Expense","15000.00","Food","Card","warteg" 
"Mar 06, 2025 5:30 PM","(-) Expense","6000.00","Food","Cash","gorengan " 
"Mar 06, 2025 5:30 PM","(-) Expense","4000.00","Food","Cash","jajan " 
"Mar 08, 2025 9:11 AM","(-) Expense","33000.00","Electronics","Card","case hp, kabel, adaptor " 
"Mar 10, 2025 5:26 PM","(-) Expense","107000.00","Clothing","Card","sabun alfagift" 
"Mar 11, 2025 5:12 PM","(-) Expense","15000.00","Food","Card","warteg " 
"Mar 11, 2025 5:33 PM","(-) Expense","6000.00","Food","Cash","jajan" 
"Mar 12, 2025 6:44 PM","(-) Expense","15000.00","Food","Card","warteg" 
"Mar 12, 2025 6:44 PM","(-) Expense","6000.00","Food","Cash","jajan" 
